{
  "A|LogReg|nr": {
    "nfeat": 706,
    "acc": 0.5414705882352941,
    "f1_blue": 0.4053401144310235,
    "f1_macro": 0.516112418603625,
    "auc": 0.5422718942463319
  },
  "A|NB|nr": {
    "nfeat": 706,
    "acc": 0.5441176470588235,
    "f1_blue": 0.4336175395858709,
    "f1_macro": 0.5260786631481447,
    "auc": 0.5436506764052176
  },
  "A|LogReg|r": {
    "nfeat": 709,
    "acc": 0.5422549019607843,
    "f1_blue": 0.40680980815652396,
    "f1_macro": 0.5170771843879435,
    "auc": 0.5434896648842198
  },
  "A|NB|r": {
    "nfeat": 709,
    "acc": 0.5435294117647059,
    "f1_blue": 0.44266219774958104,
    "f1_macro": 0.5280719257052737,
    "auc": 0.5447973897701304
  },
  "A|LGBM|nr": {
    "nfeat": 706,
    "acc": 0.5461764705882353,
    "f1_blue": 0.13686369569270931,
    "f1_macro": 0.4145115179933255,
    "auc": 0.5405341470081655
  },
  "A|LGBM|r": {
    "nfeat": 709,
    "acc": 0.5503921568627451,
    "f1_blue": 0.19402460456942003,
    "f1_macro": 0.44113194878369033,
    "auc": 0.5497422402263238
  },
  "A|Emb|nr": {
    "nfeat": 146,
    "acc": 0.5350980392156863,
    "f1_blue": 0.3571041214750542,
    "f1_macro": 0.4965035349390013,
    "auc": 0.5286737200658653
  },
  "A|OneHot|nr": {
    "nfeat": 706,
    "acc": 0.5340196078431373,
    "f1_blue": 0.4632411067193676,
    "f1_macro": 0.5257738664822477,
    "auc": 0.5428016678439198
  },
  "A|Emb|r": {
    "nfeat": 149,
    "acc": 0.5429411764705883,
    "f1_blue": 0.13216679076693968,
    "f1_macro": 0.41097293490968756,
    "auc": 0.5352603226759169
  },
  "A|OneHot|r": {
    "nfeat": 709,
    "acc": 0.533921568627451,
    "f1_blue": 0.42501209482341556,
    "f1_macro": 0.5165779234420408,
    "auc": 0.5438861141271191
  },
  "B|LogReg|nr": {
    "nfeat": 714,
    "acc": 0.7229411764705882,
    "f1_blue": 0.6928260869565217,
    "f1_macro": 0.7202523291925466,
    "auc": 0.7846333438905981
  },
  "B|NB|nr": {
    "nfeat": 714,
    "acc": 0.715392156862745,
    "f1_blue": 0.6930965218310604,
    "f1_macro": 0.7138821426448054,
    "auc": 0.7755864558099853
  },
  "B|LogReg|r": {
    "nfeat": 717,
    "acc": 0.7214705882352941,
    "f1_blue": 0.6911620828350907,
    "f1_macro": 0.7187620074027252,
    "auc": 0.7845595372626469
  },
  "B|NB|r": {
    "nfeat": 717,
    "acc": 0.7157843137254902,
    "f1_blue": 0.6939723424469545,
    "f1_macro": 0.7143331099989875,
    "auc": 0.7752801931549659
  },
  "B|LGBM|nr": {
    "nfeat": 714,
    "acc": 0.7245098039215686,
    "f1_blue": 0.6966753022452504,
    "f1_macro": 0.7221702660651539,
    "auc": 0.7900437259738805
  },
  "B|LGBM|r": {
    "nfeat": 717,
    "acc": 0.7232352941176471,
    "f1_blue": 0.6955021033329738,
    "f1_macro": 0.720920249258364,
    "auc": 0.7913521091560529
  },
  "B|Emb|nr": {
    "nfeat": 154,
    "acc": 0.7215686274509804,
    "f1_blue": 0.6883914856265086,
    "f1_macro": 0.7183761433094442,
    "auc": 0.7863881487466097
  },
  "B|OneHot|nr": {
    "nfeat": 714,
    "acc": 0.7235294117647059,
    "f1_blue": 0.6988466467321658,
    "f1_macro": 0.7216596408724258,
    "auc": 0.783250960463927
  },
  "B|Emb|r": {
    "nfeat": 157,
    "acc": 0.7236274509803922,
    "f1_blue": 0.6934870066325975,
    "f1_macro": 0.7209289893468263,
    "auc": 0.7883812568494275
  },
  "B|OneHot|r": {
    "nfeat": 717,
    "acc": 0.7216666666666667,
    "f1_blue": 0.7058335923738472,
    "f1_macro": 0.7208580000198384,
    "auc": 0.7843708192136852
  }
}